Bloque,MAE
Core,1.0785874113892064
Core+ratios,1.075705959270527
All,1.0823572719251957
