bin,mean_pred,frac_obs
"(2.799, 4.001]",3.6013657694613137,3.4
"(4.001, 4.182]",4.154983312851757,3.3076923076923075
"(4.182, 5.0]",4.815476190476191,4.0
