pred_iso,frac_obs
2.8798005232067285,2.4285714285714284
3.2957410068489637,2.5
4.0,4.166666666666667
4.666666666666667,4.0
5.0,4.5
