player_id,error_abs,report_role,report_performance_evaluation
3,0.5203769647184964,jungle,3.0
2,0.44298523230892206,top,4.0
3,0.35548536845622536,jungle,4.0
4,0.3668754224916957,adc,4.0
2,0.28793216826398327,top,4.0
3,0.329756007881576,jungle,4.0
1,0.3557479519870128,support,3.0
2,0.31164131682986884,top,5.0
2,0.46761875865262237,jungle,2.0
4,0.39132443443516385,top,4.0
0,0.3238115568029869,adc,5.0
